n,rank,n_steps,method,median_time_s,minimum_time_s,maximum_time_s,endpoint_abs_fro_error,endpoint_rel_fro_error
40,4,800,Forward Euler,0.006900087930262089,0.006865186151117086,0.006951285991817713,0.01752474173702016,0.009180048321522223
40,4,800,Dense RK4,0.031495073810219765,0.03147058701142669,0.0315262908115983,1.2083295748981656e-10,6.329636152330367e-11
40,4,800,DLRA RK4,0.11777027370408177,0.11744484258815646,0.11818863404914737,2.2017703407823126e-11,1.1533612548810615e-11
64,4,800,Forward Euler,0.0191843518987298,0.019133104011416435,0.019281387329101562,0.0156585536121201,0.008144120442965608
64,4,800,Dense RK4,0.08303356496617198,0.08282767375931144,0.08314568269997835,9.826148564886702e-11,5.1106468314525174e-11
64,4,800,DLRA RK4,0.12425899272784591,0.1239542430266738,0.12430652370676398,1.434599990808513e-11,7.461452316757103e-12
128,4,800,Forward Euler,0.15184897184371948,0.15137968491762877,0.15225179865956306,0.014498375655460041,0.007490345247973976
128,4,800,Dense RK4,0.6348797059617937,0.6342904181219637,0.6349969333969057,8.720979804440997e-11,4.505549531079445e-11
128,4,800,DLRA RK4,0.1573949297890067,0.1571917631663382,0.1580851199105382,1.3129709766866511e-11,6.783246723400305e-12
256,4,800,Forward Euler,1.0700972536578774,1.0686064483597875,1.0702372551895678,0.014620849645251809,0.008330765815295581
256,4,800,Dense RK4,4.359124592971057,4.356167598161846,4.365305698942393,1.0106575749555473e-10,5.7585925446839514e-11
256,4,800,DLRA RK4,0.27314248541370034,0.27292799204587936,0.2734137340448797,1.339303730872663e-11,7.63117466369353e-12
512,4,800,Forward Euler,8.229879376012832,8.22863812604919,8.241437315009534,0.015407687734967621,0.008365859800625661
512,4,800,Dense RK4,33.76647640299052,33.67830280261114,33.76702798437327,1.0567409798507825e-10,5.737750553539507e-11
512,4,800,DLRA RK4,1.495532619766891,1.4954313072375953,1.498040980193764,1.3541575798111695e-11,7.352623349799869e-12
